{
  "Author": "Axiomatic",
  "Compatibility": "Compatible",
  "DefuserDifficulty": "Easy",
  "Description": "Apply Huffman coding to six symbols and submit the coding efficiency at the right time. Tags: six numbers, two displays, black displays, white text, arrow buttons, arrows, percentage, percent sign, mocha background, brown background, submit button, entropy, codeword length, Huffman trees",
  "ExpertDifficulty": "Hard",
  "ModuleID": "huffmanCoding",
  "Name": "Huffman Coding",
  "Origin": "Mods",
  "Published": "2025-05-26",
  "SortKey": "HUFFMANCODING",
  "SourceUrl": "https://github.com/7689Awesome/KTANE-Huffman-Coding.git",
  "Souvenir": {
    "Explanation": "At what last digit of the timer did you submit the percentage to Huffman Coding?\r\nWhat was the entropy (H) in Huffman Coding?\r\nWhat was the average codeword length (L) in Huffman Coding?\r\nWhat was the coding efficiency in Huffman Coding?",
    "Status": "Considered"
  },
  "SteamID": "3486418479",
  "Symbol": "Hc",
  "Type": "Regular"
}
